{
  "r2": 0.9671247051375282,
  "rmse": 17304655.037179388
}